dataset,algorithm,minsup,minsup_ratio,itemsets,elapsed_seconds,elapsed_ms,output_file,status
chess,basic,2558,0.8003754693366708,8190,0.7139999866485596,713.9999866485596,Y:\Python\PrePost\outputs\our\chess_basic_minsup2558.out,OK
chess,optimized,2558,0.8003754693366708,8190,0.07200002670288086,72.00002670288086,Y:\Python\PrePost\outputs\our\chess_optimized_minsup2558.out,OK
chess,spmf_PrePost,2558,0.8003754693366708,8190,0.3567073,356.70730000000003,Y:\Python\PrePost\outputs\spmf\chess_spmf_minsup2558.out,OK
chess,basic,2397,0.75,20993,0.4609999656677246,460.9999656677246,Y:\Python\PrePost\outputs\our\chess_basic_minsup2397.out,OK
chess,optimized,2397,0.75,20993,0.2329998016357422,232.9998016357422,Y:\Python\PrePost\outputs\our\chess_optimized_minsup2397.out,OK
chess,spmf_PrePost,2397,0.75,20993,0.3735115,373.5115,Y:\Python\PrePost\outputs\spmf\chess_spmf_minsup2397.out,OK
chess,basic,2237,0.6999374217772215,48969,1.3989999294281006,1398.9999294281006,Y:\Python\PrePost\outputs\our\chess_basic_minsup2237.out,OK
chess,optimized,2237,0.6999374217772215,48969,0.942000150680542,942.000150680542,Y:\Python\PrePost\outputs\our\chess_optimized_minsup2237.out,OK
chess,spmf_PrePost,2237,0.6999374217772215,48969,0.3907287,390.7287,Y:\Python\PrePost\outputs\spmf\chess_spmf_minsup2237.out,OK
chess,basic,2077,0.649874843554443,111778,3.924999952316284,3924.999952316284,Y:\Python\PrePost\outputs\our\chess_basic_minsup2077.out,OK
chess,optimized,2077,0.649874843554443,111778,3.562999963760376,3562.999963760376,Y:\Python\PrePost\outputs\our\chess_optimized_minsup2077.out,OK
chess,spmf_PrePost,2077,0.649874843554443,111778,0.4450172,445.0172,Y:\Python\PrePost\outputs\spmf\chess_spmf_minsup2077.out,OK
chess,basic,1918,0.600125156445557,254944,14.336999893188477,14336.999893188477,Y:\Python\PrePost\outputs\our\chess_basic_minsup1918.out,OK
chess,optimized,1918,0.600125156445557,254944,13.32200002670288,13322.00002670288,Y:\Python\PrePost\outputs\our\chess_optimized_minsup1918.out,OK
chess,spmf_PrePost,1918,0.600125156445557,254944,0.5070287,507.0287,Y:\Python\PrePost\outputs\spmf\chess_spmf_minsup1918.out,OK
chess,basic,1758,0.5500625782227785,574998,56.12400007247925,56124.00007247925,Y:\Python\PrePost\outputs\our\chess_basic_minsup1758.out,OK
chess,optimized,1758,0.5500625782227785,574998,52.598999977111816,52598.99997711182,Y:\Python\PrePost\outputs\our\chess_optimized_minsup1758.out,OK
chess,spmf_PrePost,1758,0.5500625782227785,574998,0.5822971,582.2971,Y:\Python\PrePost\outputs\spmf\chess_spmf_minsup1758.out,OK
mushroom,basic,4062,0.5,153,0.01399993896484375,13.99993896484375,Y:\Python\PrePost\outputs\our\mushroom_basic_minsup4062.out,OK
mushroom,optimized,4062,0.5,153,0.014999866485595703,14.999866485595703,Y:\Python\PrePost\outputs\our\mushroom_optimized_minsup4062.out,OK
mushroom,spmf_PrePost,4062,0.5,153,0.3546479,354.6479,Y:\Python\PrePost\outputs\spmf\mushroom_spmf_minsup4062.out,OK
mushroom,basic,3656,0.4500246184145741,329,0.019999980926513672,19.999980926513672,Y:\Python\PrePost\outputs\our\mushroom_basic_minsup3656.out,OK
mushroom,optimized,3656,0.4500246184145741,329,0.017999887466430664,17.999887466430664,Y:\Python\PrePost\outputs\our\mushroom_optimized_minsup3656.out,OK
mushroom,spmf_PrePost,3656,0.4500246184145741,329,0.3718368,371.83680000000004,Y:\Python\PrePost\outputs\spmf\mushroom_spmf_minsup3656.out,OK
mushroom,basic,3249,0.3999261447562777,565,0.0969998836517334,96.9998836517334,Y:\Python\PrePost\outputs\our\mushroom_basic_minsup3249.out,OK
mushroom,optimized,3249,0.3999261447562777,565,0.016000032424926758,16.000032424926758,Y:\Python\PrePost\outputs\our\mushroom_optimized_minsup3249.out,OK
mushroom,spmf_PrePost,3249,0.3999261447562777,565,0.3624072,362.4072,Y:\Python\PrePost\outputs\spmf\mushroom_spmf_minsup3249.out,OK
mushroom,basic,2843,0.3499507631708518,1189,0.04700016975402832,47.00016975402832,Y:\Python\PrePost\outputs\our\mushroom_basic_minsup2843.out,OK
mushroom,optimized,2843,0.3499507631708518,1189,0.0839998722076416,83.9998722076416,Y:\Python\PrePost\outputs\our\mushroom_optimized_minsup2843.out,OK
mushroom,spmf_PrePost,2843,0.3499507631708518,1189,0.4007768,400.7768,Y:\Python\PrePost\outputs\spmf\mushroom_spmf_minsup2843.out,OK
mushroom,basic,2437,0.2999753815854259,2735,0.21600008010864258,216.00008010864258,Y:\Python\PrePost\outputs\our\mushroom_basic_minsup2437.out,OK
mushroom,optimized,2437,0.2999753815854259,2735,0.04999995231628418,49.99995231628418,Y:\Python\PrePost\outputs\our\mushroom_optimized_minsup2437.out,OK
mushroom,spmf_PrePost,2437,0.2999753815854259,2735,0.3889432,388.9432,Y:\Python\PrePost\outputs\spmf\mushroom_spmf_minsup2437.out,OK
mushroom,basic,2031,0.25,5545,0.11599993705749512,115.99993705749512,Y:\Python\PrePost\outputs\our\mushroom_basic_minsup2031.out,OK
mushroom,optimized,2031,0.25,5545,0.24699997901916504,246.99997901916504,Y:\Python\PrePost\outputs\our\mushroom_optimized_minsup2031.out,OK
mushroom,spmf_PrePost,2031,0.25,5545,0.4011767,401.1767,Y:\Python\PrePost\outputs\spmf\mushroom_spmf_minsup2031.out,OK
retail,basic,1763,0.019997277738708286,55,0.07899999618530273,78.99999618530273,Y:\Python\PrePost\outputs\our\retail_basic_minsup1763.out,OK
retail,optimized,1763,0.019997277738708286,55,0.06100010871887207,61.00010871887207,Y:\Python\PrePost\outputs\our\retail_optimized_minsup1763.out,OK
retail,spmf_PrePost,1763,0.019997277738708286,55,0.5411465,541.1465,Y:\Python\PrePost\outputs\spmf\retail_spmf_minsup1763.out,OK
retail,basic,1322,0.014995122615185682,84,0.09100008010864258,91.00008010864258,Y:\Python\PrePost\outputs\our\retail_basic_minsup1322.out,OK
retail,optimized,1322,0.014995122615185682,84,0.09099984169006348,90.99984169006348,Y:\Python\PrePost\outputs\our\retail_optimized_minsup1322.out,OK
retail,spmf_PrePost,1322,0.014995122615185682,84,0.5416955,541.6955,Y:\Python\PrePost\outputs\spmf\retail_spmf_minsup1322.out,OK
retail,basic,882,0.010004310247045213,159,0.30100011825561523,301.00011825561523,Y:\Python\PrePost\outputs\our\retail_basic_minsup882.out,OK
retail,optimized,882,0.010004310247045213,159,0.2650001049041748,265.0001049041748,Y:\Python\PrePost\outputs\our\retail_optimized_minsup882.out,OK
retail,spmf_PrePost,882,0.010004310247045213,159,0.6213708,621.3708,Y:\Python\PrePost\outputs\spmf\retail_spmf_minsup882.out,OK
retail,basic,661,0.007497561307592841,277,0.748999834060669,748.999834060669,Y:\Python\PrePost\outputs\our\retail_basic_minsup661.out,OK
retail,optimized,661,0.007497561307592841,277,0.6970000267028809,697.0000267028809,Y:\Python\PrePost\outputs\our\retail_optimized_minsup661.out,OK
retail,spmf_PrePost,661,0.007497561307592841,277,0.6620955,662.0954999999999,Y:\Python\PrePost\outputs\spmf\retail_spmf_minsup661.out,OK
retail,basic,441,0.0050021551235226065,580,2.6440000534057617,2644.0000534057617,Y:\Python\PrePost\outputs\our\retail_basic_minsup441.out,OK
retail,optimized,441,0.0050021551235226065,580,2.4709999561309814,2470.9999561309814,Y:\Python\PrePost\outputs\our\retail_optimized_minsup441.out,OK
retail,spmf_PrePost,441,0.0050021551235226065,580,0.775071,775.0709999999999,Y:\Python\PrePost\outputs\spmf\retail_spmf_minsup441.out,OK
retail,basic,220,0.0024954061840702342,1891,14.625,14625.0,Y:\Python\PrePost\outputs\our\retail_basic_minsup220.out,OK
retail,optimized,220,0.0024954061840702342,1891,14.759999990463257,14759.999990463257,Y:\Python\PrePost\outputs\our\retail_optimized_minsup220.out,OK
retail,spmf_PrePost,220,0.0024954061840702342,1891,1.2584696,1258.4696,Y:\Python\PrePost\outputs\spmf\retail_spmf_minsup220.out,OK
T10I4D100K,basic,2000,0.02,155,8.591000080108643,8591.000080108643,Y:\Python\PrePost\outputs\our\T10I4D100K_basic_minsup2000.out,OK
T10I4D100K,optimized,2000,0.02,155,8.671000003814697,8671.000003814697,Y:\Python\PrePost\outputs\our\T10I4D100K_optimized_minsup2000.out,OK
T10I4D100K,spmf_PrePost,2000,0.02,155,0.8667286,866.7285999999999,Y:\Python\PrePost\outputs\spmf\T10I4D100K_spmf_minsup2000.out,OK
T10I4D100K,basic,1500,0.015,237,20.412999868392944,20412.999868392944,Y:\Python\PrePost\outputs\our\T10I4D100K_basic_minsup1500.out,OK
T10I4D100K,optimized,1500,0.015,237,20.40400004386902,20404.00004386902,Y:\Python\PrePost\outputs\our\T10I4D100K_optimized_minsup1500.out,OK
T10I4D100K,spmf_PrePost,1500,0.015,237,0.8666352,866.6352,Y:\Python\PrePost\outputs\spmf\T10I4D100K_spmf_minsup1500.out,OK
T10I4D100K,basic,1000,0.01,385,42.54099988937378,42540.99988937378,Y:\Python\PrePost\outputs\our\T10I4D100K_basic_minsup1000.out,OK
T10I4D100K,optimized,1000,0.01,385,42.13100004196167,42131.00004196167,Y:\Python\PrePost\outputs\our\T10I4D100K_optimized_minsup1000.out,OK
T10I4D100K,spmf_PrePost,1000,0.01,385,0.9619722,961.9722,Y:\Python\PrePost\outputs\spmf\T10I4D100K_spmf_minsup1000.out,OK
T10I4D100K,basic,750,0.0075,561,54.676000118255615,54676.000118255615,Y:\Python\PrePost\outputs\our\T10I4D100K_basic_minsup750.out,OK
T10I4D100K,optimized,750,0.0075,561,54.72599983215332,54725.99983215332,Y:\Python\PrePost\outputs\our\T10I4D100K_optimized_minsup750.out,OK
T10I4D100K,spmf_PrePost,750,0.0075,561,1.0459651,1045.9651000000001,Y:\Python\PrePost\outputs\spmf\T10I4D100K_spmf_minsup750.out,OK
T10I4D100K,basic,500,0.005,1073,67.05900001525879,67059.00001525879,Y:\Python\PrePost\outputs\our\T10I4D100K_basic_minsup500.out,OK
T10I4D100K,optimized,500,0.005,1073,66.68799996376038,66687.99996376038,Y:\Python\PrePost\outputs\our\T10I4D100K_optimized_minsup500.out,OK
T10I4D100K,spmf_PrePost,500,0.005,1073,1.0722733,1072.2733,Y:\Python\PrePost\outputs\spmf\T10I4D100K_spmf_minsup500.out,OK
T10I4D100K,basic,250,0.0025,7703,78.59500002861023,78595.00002861023,Y:\Python\PrePost\outputs\our\T10I4D100K_basic_minsup250.out,OK
T10I4D100K,optimized,250,0.0025,7703,78.36399984359741,78363.99984359741,Y:\Python\PrePost\outputs\our\T10I4D100K_optimized_minsup250.out,OK
T10I4D100K,spmf_PrePost,250,0.0025,7703,1.2101769,1210.1769,Y:\Python\PrePost\outputs\spmf\T10I4D100K_spmf_minsup250.out,OK
